year,defl
1985,0.57236
1986,0.58393
1987,0.59879
1988,0.61974
1989,0.64388
1990,0.66774
1991,0.68993
1992,0.70564
1993,0.72244
1994,0.73781
1995,0.75321
1996,0.76695
1997,0.78009
1998,0.78855
1999,0.80061
2000,0.81883
2001,0.83753
2002,0.85038
2003,0.86729
2004,0.89114
2005,0.91981
2006,0.94812
2007,0.97334
2008,0.9925
2009,1
2010,1.01217
2011,1.03307
2012,1.05213
2013,1.06926
2014,1.08682
